{"cameraMode":{"drawMode":0,"name":"Shaded","section":"Shading Mode"},"sceneLighting":true,"audioPlay":false,"sceneViewState":{"showFog":true,"showMaterialUpdate":false,"showSkybox":false,"showFlares":true,"showImageEffects":true,"showParticleSystems":true},"in2DMode":false,"pivot":{"x":1.4620205163955689,"y":-1.202535629272461,"z":-5.997189044952393},"rotation":{"x":-0.019249433651566507,"y":-0.9802662134170532,"z":0.12148270010948181,"w":-0.15475651621818543},"size":10.31759262084961,"orthographic":false}