{"cameraMode":{"drawMode":0,"name":"Shaded","section":"Shading Mode"},"sceneLighting":true,"audioPlay":false,"sceneViewState":{"showFog":true,"showMaterialUpdate":false,"showSkybox":false,"showFlares":true,"showImageEffects":true,"showParticleSystems":true},"in2DMode":false,"pivot":{"x":5.000598907470703,"y":0.10120010375976563,"z":-2.4819984436035158},"rotation":{"x":0.03295009955763817,"y":-0.9546266198158264,"z":0.1154075637459755,"w":0.27255013585090639},"size":285.78839111328127,"orthographic":false}