{"cameraMode":{"drawMode":0,"name":"Shaded","section":"Shading Mode"},"sceneLighting":true,"audioPlay":false,"sceneViewState":{"showFog":true,"showMaterialUpdate":false,"showSkybox":false,"showFlares":true,"showImageEffects":true,"showParticleSystems":true},"in2DMode":false,"pivot":{"x":1.9161678552627564,"y":-0.8827593922615051,"z":-6.450293064117432},"rotation":{"x":-0.020026447251439096,"y":-0.9796848893165588,"z":0.12858135998249055,"w":-0.15258894860744477},"size":12.81935977935791,"orthographic":false}